Michael Tom	https://www.bernhardtlab.com/michael-tom	michael-tom
Sue Sim	https://www.bernhardtlab.com/sue-sim	sue-sim
Grasiela Torres	https://www.bernhardtlab.com/grasiela	grasiela-torres
Jackson Buss	https://www.bernhardtlab.com/jackson-buss	jackson-buss
Ting Pang	https://www.bernhardtlab.com/ting-pang	ting-pang
Hongbaek Cho	https://www.bernhardtlab.com/hongbaek	hongbaek-cho
Melissa Robinson	https://www.bernhardtlab.com/melissarob	melissa-robinson
Jessica Borhunter	https://www.bernhardtlab.com/jessica-b	jessica-borhunter
Patty Rohs	https://www.bernhardtlab.com/patty	patty-rohs
Coralie Fumeaux	https://www.bernhardtlab.com/coralie	coralie-fumeaux
Thao Truong	https://www.bernhardtlab.com/thao-t	thao-truong
Simosenkosi Nkomboni	https://www.bernhardtlab.com/simo	simosenkosi-nkomboni
Jeanna Qiu	https://www.bernhardtlab.com/jeanna	jeanna-qiu
Hoong Chuin Lim	https://www.bernhardtlab.com/hoong-chuin	hoong-chuin-lim
Joel Sher	https://www.bernhardtlab.com/joel	joel-sher
Marios Sardis	https://www.bernhardtlab.com/marios	marios-sardis
Nicole Marquez Reyes	https://www.bernhardtlab.com/nicole-marquez-reyes	nicole-marquez-reyes
Grasiela Torres	https://www.bernhardtlab.com/grasiela	grasiela-torres
Triet Doan	https://www.bernhardtlab.com/triet	triet-doan
Josue Flores-Kim	https://www.bernhardtlab.com/josue-flores	josue-flores-kim
Alix Dachsbeck	https://www.bernhardtlab.com/alix-dachsbeck	alix-dachsbeck
Camilla Jensen	https://www.bernhardtlab.com/camilla-jensen	camilla-jensen
Zhaoqi Li	https://www.bernhardtlab.com/zhaoqi-li	zhaoqi-li
Evan Lyerly	https://www.bernhardtlab.com/evan-lyerly	evan-lyerly
Caroline Midonet	https://www.bernhardtlab.com/cmidonet	caroline-midonet
Alison Forchoh	https://www.bernhardtlab.com/alison-forchoh	alison-forchoh
Matt Seibel	https://www.bernhardtlab.com/matthew-seibel	matt-seibel
Kate Hummels	https://www.bernhardtlab.com/katehummels	kate-hummels
Andrea Vettiger	https://www.bernhardtlab.com/andrea	andrea-vettiger
Paula Navarro	https://www.bernhardtlab.com/paula-navarro	paula-navarro
Zabari Bell	https://www.bernhardtlab.com/zabari-bell	zabari-bell
Su Yee Mon	https://www.bernhardtlab.com/su-yee-mon	su-yee-mon
Elayne Fivenson	https://www.bernhardtlab.com/elayne	elayne-fivenson
Thomas Bartlett	https://www.bernhardtlab.com/tom-bartlett	thomas-bartlett
Melanie Justice	https://www.bernhardtlab.com/melanie-justice	melanie-justice
Angelika Grundling	https://www.bernhardtlab.com/angelika-grundling	angelika-grundling
Lindsey Marmont	https://www.bernhardtlab.com/lindsey-marmont	lindsey-marmont