abel-rodriguez	Abel Rodriguez
anastacia-parks	Anastacia Parks
betsy-hart	Betsy Hart
dylan-burgin	Dylan Burgin
eleanorrand	Eleanor Rand
james	James Spencer
jameswarner	James Warner
johnathan-kepple	Johnathan Kepple
kathy-suarez	Kathy Suarez
laurent-dubois	Laurent Dubois
nazgulsakenova	Nazgul Sakenova
nilanjan-som	Nilanjan Som
ophelialee	Ophelia Lee
shailab-shrestha	Shailab Shrestha
tanner-dehart	Tanner DeHart
taran-bauer	Taran Bauer
thomas-bernhardt	Thomas Bernhardt
tien-nguyen	Tien Nguyen
vincentdebakker	Vincent de Bakker
wanassa	Wanassa Beroual
wilaysha-evans	Wilaysha Evans
